id,population,serie_bac,note_maths,note_sciences,note_langues,note_eco,matieres_preferees,competences,interets,environnement,metiers_vises,filiere,satisfaction
etu-0002,etudiant,C,4,3,3,2,Mathematiques|SVT,Electronique / bricolage technique,Technologie / informatique|Entrepreneuriat / business,Bureau,Entrepreneur / independant,IGGLIA,3
etu-0003,etudiant,D,3,2,2,2,Mathematiques|Informatique / Technologie,Analyse de donnees / logique|Creativite / design|Travail en equipe,Technologie / informatique|Art / design / audiovisuel|BTP / construction,Bureau,Technique / ingenierie|Creation / design,IGGLIA,3
etu-0004,etudiant,D,1,4,3,1,Physique-Chimie|SVT|Francais / Litterature|Arts|Sport,Redaction / communication|Organisation / gestion de projet|Vente / negociation|Travail en equipe,Sciences|Finance / comptabilite|Art / design / audiovisuel|Communication / medias|BTP / construction|Sante / social,Bureau,Technique / ingenierie|Gestion / management|Creation / design,IGGLIA,2
etu-0005,etudiant,D,4,4,2,3,SVT,Programmation,Technologie / informatique,Mixte,Technique / ingenierie,IGGLIA,3
etu-0006,etudiant,D,4,3,3,4,Mathematiques,Programmation|Analyse de donnees / logique|Travail en equipe,Technologie / informatique|Entrepreneuriat / business|Art / design / audiovisuel|Communication / medias|Agriculture / environnement,Bureau,Creation / design|Recherche / enseignement,IGGLIA,2
etu-0007,etudiant,D,3,3,3,3,Mathematiques|Informatique / Technologie,Programmation,Technologie / informatique|Entrepreneuriat / business,Bureau,Technique / ingenierie,IGGLIA,1
etu-0009,etudiant,C,2,3,4,2,Mathematiques|Physique-Chimie|Francais / Litterature,Redaction / communication,Technologie / informatique|Sciences|Art / design / audiovisuel,Bureau,Technique / ingenierie,ESIIA,4
etu-0010,etudiant,D,3,2,2,2,Mathematiques|SVT|Informatique / Technologie,Programmation|Analyse de donnees / logique|Travail en equipe,Technologie / informatique|Entrepreneuriat / business|Art / design / audiovisuel,Bureau,Technique / ingenierie|Gestion / management|Creation / design,IGGLIA,3
etu-0011,etudiant,D,2,3,3,1,Physique-Chimie|SVT|Sport,Redaction / communication|Organisation / gestion de projet,Art / design / audiovisuel|Communication / medias|BTP / construction,Mixte,Technique / ingenierie|Creation / design,GCA,3
etu-0012,etudiant,D,3,3,4,2,Mathematiques|SVT|Sport,Analyse de donnees / logique|Redaction / communication|Creativite / design|Organisation / gestion de projet,Sciences|Art / design / audiovisuel|Sante / social,Mixte,Technique / ingenierie|Entrepreneur / independant,IGGLIA,3
etu-0014,etudiant,D,3,4,4,3,Mathematiques|Physique-Chimie|SVT|Langues etrangeres,Redaction / communication|Creativite / design|Travail en equipe,Technologie / informatique|Sciences|Tourisme / hotellerie,Bureau,Technique / ingenierie|Gestion / management|Entrepreneur / independant,IGGLIA,4
etu-0015,etudiant,D,3,3,3,3,Mathematiques,Analyse de donnees / logique,Technologie / informatique,Bureau,Technique / ingenierie,IGGLIA,3
etu-0018,etudiant,D,3,4,2,1,Mathematiques,,Technologie / informatique|Entrepreneuriat / business|Droit / justice,Mixte,Entrepreneur / independant,IMTICIA,1
etu-0019,etudiant,D,4,3,3,3,Mathematiques|SVT|Sport,Creativite / design,Technologie / informatique|Sante / social,Bureau,Technique / ingenierie|Gestion / management,IGGLIA,3
etu-0020,etudiant,A2,3,2,4,1,SVT|Francais / Litterature|Sport,Redaction / communication,Agriculture / environnement,Terrain / exterieur,Technique / ingenierie,AEE,5
etu-0021,etudiant,D,3,1,2,1,Physique-Chimie,,,Mixte,Technique / ingenierie,ESIIA,3
etu-0022,etudiant,D,1,4,3,2,SVT,Redaction / communication|Travail en equipe,Sciences|Sante / social,Laboratoire,Recherche / enseignement|Entrepreneur / independant,PIP,5
pro-0023,professionnel,C,4,4,3,3,Mathematiques|Physique-Chimie|SVT|Informatique / Technologie,Programmation,Technologie / informatique|Sciences|Entrepreneuriat / business,Mixte,Technique / ingenierie|Entrepreneur / independant,IGGLIA,4
etu-0024,etudiant,S,2,2,1,1,Sport,Programmation|Creativite / design|Organisation / gestion de projet|Travail en equipe,Sciences|Art / design / audiovisuel,Bureau,Technique / ingenierie|Entrepreneur / independant,IMTICIA,3
etu-0025,etudiant,D,3,3,4,3,Mathematiques|Physique-Chimie|Sport,Programmation|Electronique / bricolage technique,Technologie / informatique|Sciences,Bureau,Technique / ingenierie,ESIIA,4
etu-0027,etudiant,D,3,2,3,2,Mathematiques|Informatique / Technologie,Programmation|Analyse de donnees / logique|Creativite / design|Organisation / gestion de projet|Travail en equipe,Technologie / informatique|Entrepreneuriat / business|Finance / comptabilite|Art / design / audiovisuel,Bureau,Technique / ingenierie|Creation / design,IGGLIA,4
etu-0029,etudiant,A2,2,3,3,3,Francais / Litterature|Langues etrangeres|Histoire-Geographie|Economie / Gestion|Arts,Analyse de donnees / logique|Redaction / communication|Organisation / gestion de projet,Art / design / audiovisuel,Terrain / exterieur,Gestion / management|Creation / design|Entrepreneur / independant,EMP,5
etu-0030,etudiant,C,4,3,4,3,Mathematiques|Francais / Litterature,Analyse de donnees / logique|Redaction / communication|Organisation / gestion de projet,Art / design / audiovisuel|Droit / justice,Mixte,Technique / ingenierie|Gestion / management,IGGLIA,4
etu-0031,etudiant,C,2,2,3,2,Physique-Chimie|Histoire-Geographie,Travail en equipe,BTP / construction,Mixte,Technique / ingenierie|Gestion / management|Entrepreneur / independant,GCA,5
etu-0033,etudiant,C,4,3,3,3,Mathematiques|Physique-Chimie,Analyse de donnees / logique,Entrepreneuriat / business|Agriculture / environnement,Terrain / exterieur,Entrepreneur / independant,GCA,4
etu-0034,etudiant,S,1,3,2,3,Physique-Chimie|SVT|Arts,Vente / negociation|Travail en equipe,Tourisme / hotellerie|Agriculture / environnement|BTP / construction,Mixte,Technique / ingenierie|Entrepreneur / independant,IAA,2
etu-0035,etudiant,D,3,1,2,2,Sport,Redaction / communication|Creativite / design|Travail en equipe,Technologie / informatique|Art / design / audiovisuel|Communication / medias,Bureau,Technique / ingenierie|Entrepreneur / independant,IMTICIA,4
etu-0036,etudiant,D,2,4,3,3,Physique-Chimie|SVT|Informatique / Technologie|Histoire-Geographie|Sport,Programmation|Analyse de donnees / logique|Travail en equipe,Technologie / informatique|Sciences|Finance / comptabilite|Sante / social,Mixte,Technique / ingenierie|Commerce / relation client,CAA,4
etu-0037,etudiant,A2,1,2,1,2,Physique-Chimie|Langues etrangeres|Sport,,Droit / justice,Atelier / usine,Gestion / management,DTJA,5
etu-0038,etudiant,D,4,3,3,2,Mathematiques|Physique-Chimie|SVT,Creativite / design,Art / design / audiovisuel|Agriculture / environnement,Mixte,,EMP,4
pro-0039,professionnel,D,3,3,3,4,Mathematiques|Physique-Chimie|SVT,Organisation / gestion de projet,Entrepreneuriat / business,Mixte,Gestion / management|Entrepreneur / independant,EMP,3
etu-0040,etudiant,S,2,3,2,3,Physique-Chimie|SVT,Redaction / communication|Organisation / gestion de projet,Technologie / informatique|Entrepreneuriat / business|Finance / comptabilite|Communication / medias,Terrain / exterieur,Gestion / management,ESIIA,2
etu-0041,etudiant,S,3,3,2,3,Mathematiques|Physique-Chimie|SVT,Analyse de donnees / logique|Redaction / communication|Organisation / gestion de projet,Sciences|Entrepreneuriat / business|Tourisme / hotellerie,Atelier / usine,Technique / ingenierie,EMII,5
etu-0042,etudiant,D,3,2,4,3,Physique-Chimie|SVT,Analyse de donnees / logique,Technologie / informatique|Art / design / audiovisuel,Bureau,Technique / ingenierie|Creation / design,IMTICIA,4
pro-0043,professionnel,C,5,4,5,4,Mathematiques|Physique-Chimie|Informatique / Technologie,Programmation|Redaction / communication,Technologie / informatique|Sciences,Mixte,Technique / ingenierie|Recherche / enseignement,ESIIA,5
etu-0044,etudiant,S,2,3,2,1,Mathematiques|Physique-Chimie|SVT,Redaction / communication,Agriculture / environnement,Laboratoire,Technique / ingenierie|Entrepreneur / independant,IAA,4
etu-0046,etudiant,C,4,4,5,1,Mathematiques|Physique-Chimie|Langues etrangeres,Programmation|Analyse de donnees / logique,Technologie / informatique,Mixte,Entrepreneur / independant,IGGLIA,3
etu-0048,etudiant,C,4,4,3,2,Mathematiques,,Agriculture / environnement,Terrain / exterieur,Entrepreneur / independant,AEE,5
etu-0049,etudiant,A2,2,2,3,2,Francais / Litterature|Arts,Redaction / communication|Creativite / design|Travail en equipe,Art / design / audiovisuel,Mixte,Gestion / management|Creation / design|Commerce / relation client|Recherche / enseignement|Entrepreneur / independant,DTJA,5
etu-0050,etudiant,C,1,2,3,2,Physique-Chimie|Langues etrangeres|Histoire-Geographie,Organisation / gestion de projet|Travail en equipe,BTP / construction,Terrain / exterieur,Technique / ingenierie|Commerce / relation client,GCA,3
etu-0051,etudiant,D,4,3,2,1,Mathematiques|Informatique / Technologie|Sport,Programmation|Analyse de donnees / logique,Technologie / informatique,Bureau,Technique / ingenierie|Entrepreneur / independant,IGGLIA,4
pro-0052,professionnel,D,2,4,5,4,Mathematiques|Informatique / Technologie|Francais / Litterature,Redaction / communication|Travail en equipe,Technologie / informatique|Entrepreneuriat / business,Bureau,Technique / ingenierie|Entrepreneur / independant,IGGLIA,5
pro-0053,professionnel,A1,1,1,3,1,Francais / Litterature|Histoire-Geographie|Sport,Travail en equipe,Droit / justice,Terrain / exterieur,Recherche / enseignement|Entrepreneur / independant,DTJA,4
etu-0054,etudiant,A2,3,3,4,1,SVT|Francais / Litterature|Langues etrangeres|Sport,Redaction / communication|Creativite / design|Electronique / bricolage technique,Sciences|Art / design / audiovisuel,Mixte,Entrepreneur / independant,IAA,1
etu-0058,etudiant,A2,3,2,3,2,Francais / Litterature|Histoire-Geographie,Redaction / communication|Travail en equipe,Droit / justice,Mixte,Entrepreneur / independant,DTJA,5
etu-0059,etudiant,S,2,1,3,2,Mathematiques|Physique-Chimie|Langues etrangeres,,Technologie / informatique|BTP / construction,Terrain / exterieur,Technique / ingenierie,ESIIA,1
etu-0060,etudiant,D,4,4,3,3,Physique-Chimie|SVT|Histoire-Geographie,Analyse de donnees / logique|Redaction / communication|Organisation / gestion de projet|Vente / negociation|Travail en equipe,Technologie / informatique|Sciences|Entrepreneuriat / business|Agriculture / environnement,Atelier / usine,Technique / ingenierie|Entrepreneur / independant,AEE,5
etu-0061,etudiant,A2,2,3,5,4,Francais / Litterature|Langues etrangeres|Sport,Electronique / bricolage technique,,Terrain / exterieur,Commerce / relation client|Entrepreneur / independant,IAA,4
etu-0062,etudiant,D,1,1,3,2,SVT|Francais / Litterature|Langues etrangeres,,Sciences|Agriculture / environnement,Terrain / exterieur,Entrepreneur / independant,AEE,5
pro-0063,professionnel,D,3,2,3,2,Mathematiques|Physique-Chimie|Informatique / Technologie,Programmation|Organisation / gestion de projet,Technologie / informatique,Bureau,Entrepreneur / independant,IGGLIA,5
etu-0064,etudiant,A2,2,2,2,1,Physique-Chimie|Informatique / Technologie|Histoire-Geographie|Sport,Programmation|Creativite / design,Technologie / informatique|Tourisme / hotellerie,Mixte,Creation / design|Entrepreneur / independant,IGGLIA,3
etu-0065,etudiant,S,1,3,2,1,SVT|Histoire-Geographie|Sport,Vente / negociation,,Mixte,Commerce / relation client|Entrepreneur / independant,IAA,3
etu-0066,etudiant,D,2,3,1,1,Mathematiques|Physique-Chimie|SVT|Histoire-Geographie|Sport,,Sciences|BTP / construction,Mixte,,IAA,5
etu-0067,etudiant,A2,2,3,4,3,SVT,Redaction / communication|Creativite / design|Organisation / gestion de projet,Sciences|Art / design / audiovisuel|Agriculture / environnement,Terrain / exterieur,Technique / ingenierie,AEE,4
etu-0068,etudiant,D,4,5,3,4,Mathematiques|Physique-Chimie|SVT,Analyse de donnees / logique|Vente / negociation|Travail en equipe,Technologie / informatique|Sciences|Art / design / audiovisuel|Sante / social,Atelier / usine,Technique / ingenierie|Entrepreneur / independant,ISAIA,5
etu-0070,etudiant,D,2,3,2,1,SVT,Creativite / design,Finance / comptabilite,Bureau,Technique / ingenierie,IGGLIA,3
etu-0072,etudiant,D,3,5,5,3,Physique-Chimie|SVT|Histoire-Geographie,Redaction / communication|Organisation / gestion de projet,Sciences|Entrepreneuriat / business|Finance / comptabilite|Tourisme / hotellerie|Agriculture / environnement,Terrain / exterieur,Technique / ingenierie|Entrepreneur / independant,AEE,3
etu-0073,etudiant,D,2,5,4,1,Physique-Chimie|SVT|Francais / Litterature,Creativite / design|Organisation / gestion de projet|Travail en equipe,Sciences|Entrepreneuriat / business|Agriculture / environnement|Sante / social,Laboratoire,Technique / ingenierie|Recherche / enseignement|Entrepreneur / independant,IAA,5
etu-0076,etudiant,D,4,3,2,1,Sport,,Sante / social,Laboratoire,,PIP,3
pro-0078,professionnel,A2,2,3,3,2,Francais / Litterature|Langues etrangeres|Arts|Sport,Creativite / design|Organisation / gestion de projet|Vente / negociation,Art / design / audiovisuel|Communication / medias|Tourisme / hotellerie,Bureau,Creation / design,TEH,4
etu-0080,etudiant,D,3,4,5,4,Mathematiques|SVT,Programmation|Creativite / design,Technologie / informatique|Communication / medias,Bureau,Creation / design,IMTICIA,3
etu-0081,etudiant,A2,1,2,3,2,Langues etrangeres,Redaction / communication|Travail en equipe,Sciences|Tourisme / hotellerie|Agriculture / environnement,Mixte,Technique / ingenierie|Gestion / management,TEE,3
etu-0082,etudiant,D,3,4,2,3,Physique-Chimie|SVT,Creativite / design,Sante / social,Atelier / usine,Technique / ingenierie|Entrepreneur / independant,IAA,4
etu-0084,etudiant,D,2,4,3,2,Physique-Chimie|SVT,,Sciences|Agriculture / environnement,Laboratoire,Technique / ingenierie,IAA,3
etu-0085,etudiant,D,2,5,3,3,Physique-Chimie|SVT,Organisation / gestion de projet,Sciences|Agriculture / environnement,Laboratoire,Technique / ingenierie,IAA,4
etu-0086,etudiant,D,2,3,3,3,Physique-Chimie|SVT|Francais / Litterature|Langues etrangeres|Histoire-Geographie,,Sciences|Entrepreneuriat / business|Agriculture / environnement,Laboratoire,Technique / ingenierie|Gestion / management|Commerce / relation client|Entrepreneur / independant,AEE,3
etu-0087,etudiant,A2,4,3,3,3,Mathematiques|Physique-Chimie,,Entrepreneuriat / business|Finance / comptabilite|Communication / medias,Bureau,Gestion / management|Entrepreneur / independant,FIC,4
etu-0088,etudiant,D,3,4,3,1,Mathematiques|Physique-Chimie|SVT|Francais / Litterature|Langues etrangeres,,Sciences,Atelier / usine,Technique / ingenierie|Entrepreneur / independant,IAA,4
etu-0089,etudiant,A2,1,2,4,4,Francais / Litterature|Economie / Gestion|Sport,Redaction / communication|Organisation / gestion de projet|Travail en equipe,Entrepreneuriat / business,Terrain / exterieur,Entrepreneur / independant,CAA,3
etu-0090,etudiant,A2,5,2,3,3,Mathematiques,Organisation / gestion de projet,Finance / comptabilite,Bureau,Gestion / management,FIC,4
etu-0091,etudiant,D,3,4,5,3,SVT,Redaction / communication|Creativite / design|Vente / negociation|Travail en equipe,Sciences|BTP / construction|Sante / social,Mixte,Gestion / management|Entrepreneur / independant,FIC,3
etu-0092,etudiant,S,4,3,3,2,Mathematiques|Physique-Chimie|SVT,Analyse de donnees / logique,Sciences|Entrepreneuriat / business|Art / design / audiovisuel,Laboratoire,Technique / ingenierie|Recherche / enseignement,IAA,4
etu-0093,etudiant,A2,3,4,4,3,Physique-Chimie,Organisation / gestion de projet,Entrepreneuriat / business|Finance / comptabilite,Mixte,Gestion / management|Entrepreneur / independant,EMP,5
etu-0094,etudiant,D,3,4,5,2,Mathematiques|Physique-Chimie|SVT,Creativite / design,Sciences|Agriculture / environnement,Laboratoire,Technique / ingenierie|Recherche / enseignement,AEE,5
etu-0095,etudiant,D,3,3,4,1,Physique-Chimie|SVT|Informatique / Technologie,,Technologie / informatique|Sciences,Bureau,Technique / ingenierie,IMTICIA,4
etu-0096,etudiant,C,1,1,5,1,Mathematiques|Physique-Chimie|Francais / Litterature,Redaction / communication,Art / design / audiovisuel|BTP / construction,Mixte,Technique / ingenierie|Creation / design,GCA,2
etu-0097,etudiant,D,2,3,3,2,Mathematiques|SVT|Langues etrangeres,Redaction / communication|Organisation / gestion de projet|Travail en equipe,Entrepreneuriat / business|Finance / comptabilite,Bureau,Gestion / management|Entrepreneur / independant,EMP,5
etu-0098,etudiant,D,4,3,2,2,Mathematiques|Physique-Chimie|SVT,Programmation|Analyse de donnees / logique|Creativite / design|Travail en equipe,Technologie / informatique|Sciences|Art / design / audiovisuel,Bureau,Technique / ingenierie|Creation / design,IMTICIA,5
pro-0099,professionnel,,3,4,4,2,Physique-Chimie|Informatique / Technologie|Sport,Analyse de donnees / logique|Redaction / communication|Creativite / design|Organisation / gestion de projet|Electronique / bricolage technique|Travail en equipe,Technologie / informatique|Sciences|Art / design / audiovisuel|Communication / medias,Bureau,Recherche / enseignement|Entrepreneur / independant,ESIIA,4
